feature,importance
uaf,0.07335289
nullptr,0.05571355
deadlock,0.04588706
race,0.037658628
virt,0.030873237
trace,0.03035513
errorpath,0.028966233
outofbounds,0.02866948
netfilter,0.028368026
syzbot,0.028176835
danger,0.026859684
leak,0.026258666
improve,0.025637183
kernel_panic_plus_uaf,0.024863563
disk,0.024472313
bpf,0.024178484
boot,0.023828546
remote,0.02382703
networking,0.0234202
lock,0.023223815
read,0.022826232
servertoclientfail,0.022200292
init,0.021214811
kernel_panic,0.020479368
test,0.020186367
usb,0.020060537
linus,0.019846844
warnonly,0.019825501
skb,0.019795148
qdisc,0.01947987
memory,0.018442046
hardware,0.01727656
kasan,0.016472196
notincludedcomponent,0.01630786
write,0.015040883
fixprintf,0.012606303
nvme,0.011870527
spectre,0.011584927
debugfs,0.011028873
ipv6,0.010114417
iouring,0.009576206
tipc,0.0051302267
cveoutdated,0.0040434483
nomemchk,0.0
simplefix,0.0
timer,0.0
dma,0.0
logger,0.0
